,(FKP (fucokinase)).kcat_F,(FKP (fucokinase)).Km_Fuc,(FKP (fucokinase)).Km_ATP,(FKP (fucokinase)).Km_Fuc1P,(FKP (fucokinase)).Km_ADP,(FKP (guanylyltransferase)).kcat_F,(FKP (guanylyltransferase)).Km_Fuc1P,(FKP (guanylyltransferase)).Km_GTP,(FKP (guanylyltransferase)).Km_GDP_Fuc,(FKP (guanylyltransferase)).Km_PP,(FKP (guanylyltransferase)).ki_PP,(PPA).kcat_F,(PPA).Km_PP,(GMPK).kcat_F,(GMPK).Km_GMP,(GMPK).Km_ATP,(GMPK).Km_GDP,(GMPK).Km_ADP,(PPK3_G).kcat_F,(PPK3_G).Km_GDP,(PPK3_G).Km_GTP,(PPK3_G).K_eq_PPK3_G,(PPK3_A).kcat_F,(PPK3_A).Km_ADP,(PPK3_A).Km_ATP,(PPK3_A).K_eq_PPK3_A,obj_val
0,59473.6548115869,0.905384769634626,18.944239201941,0.019202847556093,0.641829918258363,273081.188230919,4.14569666365489,253.37565787188,0.075071084049625,3.97581725023641,9.28E-07,921301.539767227,1.65E-05,578737.672477021,0.036440642409298,2.9467752134332,31.2881607242093,4.8976791740405,75576.4925029534,2.94481991158217,1.39671829327962,1.70587868657412,169976.58987421,2.14985852618436,0.058256980690797,0.940391876547154,91.3705054642579
0,79.6511205782936,0.023830081125113,0.148615248401736,163.280845057576,57.9639019106483,67178.4666942401,0.00608109832207,192.427493339018,11.5839822053374,6.06896795009668,2.71E-08,637087.46932835,0.002553463359651,561850.367689673,1.05881443586179,1.53439540511754,4.32205350274713,8.18249934935057,33540.9981275046,2.33564149433926,252.486273357288,1.65848981460844,22232.70074914,3.56161141092154,8.04312316393564,0.828198918556658,118.442112234471
0,6551.11015301952,0.041712641467998,14.8482359558721,72.6091525896255,12.8915707275616,32150.0201663342,4.96765898114322,129.345844426487,0.136980044662827,2.09183821600904,8.61E-08,726991.436830564,1.15E-06,926982.923873209,0.440818893540113,0.067178200940481,6.33492230473483,1.76482535520044,117791.313628785,1.77798931801067,0.256913978405202,1.78264581385478,46577.6420032404,4.09415647270177,1.29376261792881,0.910433917411096,91.2562098725642
0,10015.0421198957,0.216738942100138,80.2154120519549,85.2056932781982,0.014175065774932,79696.4833753382,0.146458559399753,10.7686933186356,158.913667687293,3.28079223584227,2.06E-08,367672.632602183,0.000564880237371,687408.526575143,1.59546351574914,0.533888666813525,1.47393734199905,2.16747847203632,83627.0436346207,5.15262323593823,361.441751920764,1.67979275920835,164771.111477112,5.6048253389631,0.121001273206583,0.927344536935347,108.330707406384
0,4602.83262053859,0.247539684893512,94.9035488614339,324.658493356906,0.085401893152692,107092.014921755,0.000146686615881,71.4242186457137,734.574354425099,11.893341486763,2.27E-07,588015.238075147,0.089760435209231,587170.306108984,0.793594649703717,0.267428734619687,3.21566775848771,1.79366453502922,131696.30101516,2.70476946175847,0.306071805261259,1.72849622243738,98015.4711761547,3.27373952875546,0.135910707539582,0.939080644854396,110.735862065496
0,1558.43354610917,0.20291795444934,2.34684302979518,3.30686281579192,1.26708736555594,17936.2326486179,11.9450591994578,8.98711584405287,0.042313601803369,0.024638422297017,1.59E-08,741363.937727585,1.33E-06,803294.429392537,1.40108770929548,0.636056009527358,15.6531257828459,5.45923014290545,22406.4095946141,0.427592947094996,1079.84134309649,1.68617377355697,52048.6681197125,8.58135582707139,9.45852715367635,0.896614950110061,92.9837447435031
0,5745.28442208163,0.08558570808911,4.75381506895702,22.8264102954261,1.99390478992827,58021.5080829249,5.82619557059924,59.7650910032263,0.037723939202344,17.0545340925687,4.28E-07,848620.023753458,0.000866917368662,754075.54063963,3.80021638930259,0.973659314092981,6.86594294523165,12.9530083250922,24052.761420822,0.317720744863469,228.461106729797,1.64551359609291,50406.6401893695,4.29067340268972,2.37517023636488,0.862168894420833,97.2453187707803
0,418.950001882204,0.060913834544362,10.5356605627214,756.636359401489,11.2698579908651,27178.1447643183,0.141739370083249,62.0633208957028,0.170959111809554,3.77022298998207,1.27E-08,451186.523996114,0.000130003172021,744885.033444323,0.257758206824696,1.77681698095815,0.965428189292197,0.859963062488555,31051.625539249,1.11798547173421,2.64500678083331,1.66296351799023,28287.8098083029,3.02236017146587,0.852470943997168,0.897396666353468,117.190052497359
0,2582.3638012557,0.046635317799462,4.88307621277439,37.7599822795125,10.5354633418048,44357.1387995139,41.5025360942957,47.0368634995694,0.310062914666203,0.79396941837901,2.43E-07,683612.374541983,1.52E-06,575712.099109669,1.03594442512685,0.028608714171715,0.128291294256472,13.2534494360342,39914.9249919088,2.05374864851294,101.329865184803,1.67572427860086,83635.4722355988,5.28923711153736,0.604097216341335,0.920769923410673,91.3762869368943
0,230.327283030933,0.029995115539548,4.97023975268749,0.034719630600862,0.208165953507879,342570.945409873,0.002517725671591,675.701475142465,31.7525699486612,5.99518031993766,2.21E-08,248322.856669047,0.001218709835492,193213.445288117,0.1989128292084,0.03752518850788,44.4511607716884,2.30912284493352,131069.545189735,0.173580612175229,0.017647851802893,1.7702839655599,280880.591574061,1.96803030474098,0.026291686891521,0.915443867717681,113.776294341993
0,120.338196440617,0.01684245600175,1.11568020034966,33.9255982595553,259.018018579039,187733.388943936,0.313822811920194,76.0782115529284,0.060123294704298,1.5001717380256,3.09E-08,65731.0839054766,3.69E-05,284049.831885548,0.236393287658097,1.74309469925537,2.70987417264631,19.7571590819639,103433.730263493,2.75021554593727,8.09492987125885,1.64481288453521,67927.6864279121,5.78560284805726,0.370972451416642,0.946905258584308,115.123807501176
0,2722.36942474469,0.111733594213143,87.0446367933957,1243.08187666581,13.4164316990304,58575.8620646145,0.000364457163942,17.8038074516793,41.6741008666559,1.15645442114332,1.80E-07,285002.099346749,0.065032987521891,537941.726394906,0.563114234428438,0.137142289283303,2.45399264324754,4.23679640741624,170290.293540953,4.11902144662528,0.236487171764599,1.78785111770732,130178.205360381,0.85366401537758,0.027744094173413,0.886223802554652,115.101425047772
0,96760.0484656337,0.080885515597332,68.8066457172143,1249.50358397737,0.00822969019091,2642.30609313294,5.00017814147445,16.2244877048412,0.233696250857163,18.9980267942873,2.25E-07,411268.510341679,2.31E-06,944923.080011736,0.524481545043481,0.066331150299702,0.380992818437995,77.8589325076268,21492.5683039065,0.228897702421541,59.1683773631901,1.70501467320697,31383.6658244532,3.81438336570217,33.2890336386616,0.874062198062886,93.6262871345573
0,7852.89766643937,0.013514328851396,22.8026366063586,374.120057682231,51.1800684786372,26541.7206104964,50.8465023187032,18.5675869018415,0.25693520890201,0.151437100397895,1.06E-07,643262.275142121,1.05E-05,657282.927707894,0.73274887831374,1.92901823805841,9.61847166339177,5.20337881960857,68162.4468489229,2.13383258263416,26.6490130790487,1.6477378592662,107004.186560477,17.3601708748808,2.89292888742627,0.884876482903826,93.2124365129758
0,112.742193339401,0.035322313099762,0.961763955253106,644.051916832405,25.6852124376044,36589.3473157025,0.034406106317815,9.46133470687228,30.7772554870036,3.37592980841367,6.10E-08,408449.255696294,0.024406045806255,815879.895319881,0.223595934105766,0.717039345720482,17.7757027183275,1.96242382264143,29524.1450679285,2.37583927675677,16.646884762081,1.65071661991643,250864.419591915,4.09315313789049,0.065715272579988,0.874598306289135,116.118746405184
0,5666.27742392662,0.102978242985882,12.0745460075562,93.0307003746951,295.277601196219,20089.0345256011,19.7398083517888,35.96197536323,0.232550697155637,8.2268524843003,2.33E-08,965029.388545467,6.49E-06,823922.358002988,9.69375324419964,0.115169168338857,9.22898377033221,3.6351669100759,46270.9210434353,5.46782012148931,17.9020042927285,1.71548081051079,91459.7299163617,8.98645825476366,1.50112713685938,0.909913145361719,92.3162860912998
0,3651.16634541674,0.17277848196655,6.36459008131781,0.211596454017217,59.3845513559192,33905.4040628702,28.7565900426378,33.4852068705448,0.199980047113558,1.65980978705109,1.13E-07,950870.713543024,1.35E-06,802924.419516225,0.199482647146481,0.080917442082818,10.5266975373183,3.80482712323086,50913.4108111825,1.97079735960876,1.39304038942591,1.76255508989673,156993.198314043,3.84485203935991,0.165586110403207,0.926712591822704,90.2372107741751
0,1448.58005215417,0.227677525270429,0.976880094822617,1.44702474384534,126.169352759311,85159.1308950358,6.28701315366705,375.44311353906,0.199808384343224,1.77124179978503,9.36E-07,923676.12950158,0.001019779833686,735370.018733973,16.0936033503973,1.4645125861456,9.71137082156309,4.99668955199741,53126.373139101,2.10344787763482,3.14284483004167,1.76079562571336,37851.2572438301,2.39620491073075,8.41962983112238,0.83481484337925,96.3671992443892
0,3582.51493959724,0.064048253940186,4.40878400331349,511.534387629257,247.858082183857,7606.88339884425,23.3140865678658,10.7711140426924,0.250078370564879,6.99815081327827,5.84E-08,814600.865376443,4.85E-06,757223.315994688,0.107157702452726,0.713043517052981,3.21284520117601,3.35761836930984,59867.0373036208,0.295641618649663,1.80834077456639,1.63235632936137,33191.2755892399,1.90351467184647,1.52567119774927,0.858451614073098,94.5051494881344
0,3567.5484253969,0.044413620946039,6.19646325226292,8.70860547686451,84.4503519384964,60487.8109458046,66.8103178501429,60.9693951941073,0.478731059229325,33.8676683734333,1.13E-07,902061.507409964,5.07E-06,986037.826237778,2.45392638074659,0.3019640341158,1.90549656467091,12.1720153374589,19830.0631822268,0.037802340082504,4.58719033365458,1.71189216985026,86321.1055431254,4.60419162699683,0.498972645270621,0.929681457714701,91.6200372572002
0,79.0817659625025,0.035280528479562,0.012302419911189,124.054216594898,9.4407073041888,163923.994622109,0.000384296258804,39.3238561268515,118.065517184287,16.6449507625022,4.31E-08,130099.642018981,0.009928988542815,678756.195797494,8.64926833369596,0.058054198139905,0.686582183830137,19.3079047417077,288963.550603528,4.42128710313242,0.215665239122457,1.76955885705178,168744.138869051,2.91401816853884,0.054033826274174,0.969956695697644,111.34723213718
0,583.075296973143,0.036644218295723,17.0099721981648,61.9004801061386,147.463568132121,287744.36222212,0.000168084313058,21.3211703917618,565.322844696874,2.69216489849283,4.22E-08,255633.101310616,0.058550490229354,276581.272721464,1.27900093456911,0.126799977539142,15.7357937187585,36.9251962894569,41860.045707354,2.68172350761447,1887.34001626202,1.68499407601522,413707.617401387,12.2302464120712,0.104153473927102,0.918010284600827,116.115681126405
0,2900.601968837,0.209854960854611,5.28642860892037,0.955961701102021,4.0697691435951,18537.1407959565,5.25319164730551,100.350979585505,0.216039771068797,2.48536303317136,4.46E-07,384400.046451077,5.29E-06,967501.751000671,0.112460946656738,0.622430901031681,5.5577792707106,22.5262633492312,27865.7044252482,0.75901908923746,248.815373213263,1.73167705530051,46032.5200637593,3.42351176117468,0.939952436678986,0.907806989999688,91.8611904385165
0,1905.57984105243,0.082163038558698,2.27446037751816,4625.13504377038,3.38778749147183,17126.5240211451,2.88461452745769,209.35140121746,0.275471593013747,1.67983069063779,6.91E-07,759405.833335072,1.06E-05,416657.160321773,2.01620298536257,0.015178520503928,1.03157894333806,3.45047841508118,767729.042356356,2.16496849395137,330.235472591596,1.63642473461787,406564.061096552,29.2928690659174,0.504660491734002,0.928999472380256,92.0285288910335
0,167.033177597418,0.05847882948348,2.63129943297795,155.335563042614,0.235538145988772,87646.2243158413,0.39651611438314,16.6091333255259,3.75549080973755,4.71162189444059,4.93E-08,623129.937734948,0.024485643607207,752372.261178378,1.15781139456638,0.614196318966425,3.34961333665941,1.91583110790839,81230.7958984121,3.49449327601626,1121.02810794268,1.63778503912684,152305.483294568,17.8709641742866,0.467270468502073,0.972905154162516,117.837847313985
0,2067.28210071609,0.047945246076707,1.73082840225378,0.76959807363265,7.65622669797657,33643.6408806654,18.6107325202289,118.932456333636,0.446875053554146,2.77682308092273,1.38E-07,659483.720871986,1.52E-06,522733.621420214,2.40451616871689,0.862595053447749,0.778078085697001,8.1615675778102,51110.9652029838,3.96964168092744,451.941810871812,1.68254046808362,49600.8991654724,3.11773737206131,1.31995539371166,0.906004084959143,93.3525899286441
0,1712.88961780953,0.226282546978547,1.50045438121482,659.473087071959,37.8770660245378,30143.3013072139,9.56505283544316,50.1431041261386,0.108560876058029,7.06436443482852,2.34E-07,451720.896256764,6.19E-05,699570.326853187,0.414412771244731,7.66277960856785,8.64832492240209,0.63040024013529,222915.749133372,2.36261659111705,16.2926691743125,1.55742596369997,48726.7627354161,3.90363137416626,2.30296673326997,0.878943888141253,95.8987895391415
0,2391.57474899591,0.119290315015739,4.26491724250776,75.253137734402,420.851709405893,74911.9950944923,35.635795353341,66.699830669685,0.209756370657958,29.0283664153009,4.75E-07,863207.095574311,1.85E-06,781641.655595429,5.76412416092517,0.353788821824266,1.31435273361885,20.2746342668345,73534.3066554139,7.1082337277902,1025.73286662297,1.73382682264637,137354.765034849,6.59203495967935,0.356223902192763,0.926900520930095,91.0522543505178
0,3715.32450162692,0.175282742267812,10.1138656629414,646.808999029781,0.003517594789441,34055.047657183,0.26883145143457,3.06176702145737,52.5655495701255,15.3354589252136,2.09E-07,680869.48067018,0.14913998107011,237329.813832699,0.156665695995536,0.498439285248513,5.80601060865372,0.341311306869845,35632.0630795077,1.13250863563598,289.650670158394,1.686578056568,42065.5112998712,0.796073918295363,0.423677879489654,0.741519571998276,114.359558216299
0,431.768473424232,0.011142002254609,11.2647901286346,48.4005305449312,1089.79825165201,61801.430850933,0.010264302735241,43.5295364689609,51.3024097141882,1.47583545697882,3.08E-07,520616.388874248,0.099659958619237,878123.605592465,0.032464734333917,1.04804464417852,2.70465635377888,2.7889150410057,139241.000128363,11.4340594250302,12.8473291057231,1.74391049158263,58642.5378196422,2.27347696212598,0.166865378284417,0.897182964271668,117.484103262337
0,3818.43983248151,0.272923245776433,9.19797038456639,420.009830124303,15.1395272231188,53250.2048062808,2.8363041000478,7.54929395846531,0.01061088741472,63.6824227397334,2.15E-07,696634.984392785,0.00530061059292,409982.204920239,3.11696685076828,2.94884364675394,0.573367716974574,2.95345595916017,73884.8302923559,3.29493650025712,65.7697233176604,1.71566464888072,90992.1386964496,9.39950371911312,1.14942494981889,0.846567390784485,114.179190100051
0,3030.59411521069,0.11381491077078,0.751709461245933,74.4911985306301,59.6439240750781,2824.76139927454,6.88012785935723,34.5653830824765,1.06535821780679,1.28565828032196,2.26E-08,660830.490842781,3.81E-05,622576.411639118,0.843565399088308,28.9023806487861,6.33487249442881,1.29930999507878,34752.8321376299,1.75006363867517,467.04822863461,1.55210168236303,174011.028913558,4.56739487854105,0.451785704612007,0.788622234684626,103.187379413843
0,4784.01635664235,0.012278335324591,8.18288223535382,0.103264866670133,52.2759517825089,12043.8966666158,0.618891393427251,126.755656142508,0.0510566914007,0.764475921879114,1.31E-07,609118.574235329,6.18E-06,712208.161151748,0.807258542363359,5.96322928458955,2.31794836226594,5.13395618659154,83533.6106984532,6.43366765867389,85.0325582337017,1.64446284303957,195662.425689732,19.9186915600585,0.921000615177385,0.923502491908325,91.8654761460443
0,672.177338685787,0.05151184482228,12.0139117231762,205.865940113316,0.016338936033966,234305.486719003,0.019727001655791,27.864234578943,1.2209956018715,2.04142834034235,4.43E-08,674074.791413572,0.081464363578094,834059.266150755,0.297173468519491,1.42672785693244,9.84239621025036,0.264086525147736,44108.1142144849,3.39385612455654,1108.06925560058,1.7041177838447,107534.492854066,2.10744645008495,0.072413564285373,0.93362278163405,112.376647405709
0,2904.21057433086,0.075239786389681,4.94542095621282,2.71149603226958,10.7886251476319,48994.5869118161,28.6614988518597,81.3192860171841,0.31838257458529,6.57349445204948,8.00E-08,940330.481043614,2.48E-06,965382.380958781,0.765579080658991,0.074819426902374,3.7114858313083,1.77872344872409,53305.3448497504,1.46992914048912,1.16299784885956,1.74550593120261,138859.080435622,2.8741189040691,0.150517372891165,0.918977811928052,90.4942063384473
0,1286.03494185446,0.052443589646169,15.1883130505471,29.690990038928,0.005912076703057,464210.19107269,0.098739966888549,5.48481765682217,6.72734238128807,11.5987168904907,2.08E-08,128762.712932047,0.000771154409441,715348.203249947,6.7316417692492,0.126990668442599,15.7238898037998,7.95969684718094,102925.210649933,1.24341692036105,0.138181776459041,1.67309183595862,170158.449567617,10.1031392093912,0.269735580231354,0.953263176817787,109.016098073786
0,5847.6323397551,0.026010031765011,11.572066442997,105.262200578243,128.025067080787,9105.20475596796,15.9436302287501,45.9197332564521,0.755008729250088,20.0478738031984,1.74E-07,567437.066457147,0.000132310117516,581353.013669433,1.55807025483188,0.57670563518795,6.73168275260459,32.812548410793,73630.340384403,1.70047127906636,1288.08150824896,1.48740962741953,186643.139502541,15.9306408152745,31.3757420632337,0.778392878472927,103.915797891872
0,1118.92183546857,0.05720226070259,0.667376104598876,6312.97562827077,60.6266315007593,34951.1567865938,18.143419708086,92.4915158300169,0.359100138931466,0.903448345619356,9.37E-07,667584.28782311,2.45E-05,388807.330650647,4.90696620438693,0.243102320978592,13.2436168472593,6.98276158153123,168570.622806424,3.6803083465801,17.7930602174692,1.64563422619913,86387.9380776133,1.51407830041479,0.143963959231016,0.928657951097741,92.4825058044914
0,1388.97532413647,0.072907072742985,1.81564614226521,49.6836300806632,1.39737599261977,45142.3236352431,24.7715215588223,25.5780879313858,0.095816938340809,0.235696566314014,5.33E-07,482812.620043481,3.29E-06,806699.859014676,0.008787943608405,0.06130918047943,11.0836346488861,0.887182374234736,35170.6590740837,0.992648902496729,31.0024375640614,1.70397692934179,111658.632397638,2.27314734568075,0.146080417645129,0.910890846924664,90.7278539782776
0,930431.479067797,0.082552606785386,2.0340235551341,19.1563818807475,33.7852165177667,707488.980582076,28.2771121223736,7.26369114247772,0.139160354579676,4.96216567595664,6.49E-08,218735.2750604,0.027801104312748,426964.596408262,0.587032337039447,3.17491787341981,13.6111131703747,6.62264397000609,203323.205335859,1.37126954348091,425.267968377577,1.53670140998525,192078.102380477,1.58601182184422,0.20493575522505,0.741250953662451,136.967880313889
0,1806.74761973575,0.042160895886811,2.27758887115129,117.005165993513,478.976415845837,24838.8695922474,14.771061309176,129.198395088352,0.580009546403587,5.93335497133736,1.96E-07,699577.183867026,3.32E-06,955285.786656153,0.456402812205713,0.230307555463548,0.535489948057084,0.592967127465386,33286.0684735574,0.855507312062698,121.450335552251,1.69573391570703,172723.899220479,5.45478726832989,0.228813764940231,0.91825959130084,90.9550320037232
0,691.052641370813,0.20095348573021,18.6491484263323,495.689403051571,50.1489323880419,977291.7658072,6.0037130008672,35.3210685753798,0.483795507457432,0.106213575857017,1.87E-07,420486.665647724,0.011773738180663,310631.576712947,0.278853652761758,13.7671034675228,2.22446324540534,12.0331695359039,905167.015635205,68.8052299703412,915.284575693053,1.52618501925463,87235.1719787059,12.1891090261377,14.2559257824692,0.846633156283747,124.306202464532
0,88.1384930196279,0.171713503847167,0.578650744243219,4.00336782000945,76.3137831138448,16532.0941693219,0.201718054772318,3.6784674192675,25.4660888767365,2.90987479359177,1.99E-07,553356.818937827,0.037474169995188,832603.410153786,1.46363489624746,5.36278384235601,11.3141598906256,14.4838662446932,21125.1913408938,0.160925141002158,22.2515842128154,1.73934677637054,50844.0377602808,2.75148903180229,0.213155569837617,0.910509388052726,119.253725644742
0,229.724615255085,0.033014529332531,4.8098547168065,54.2237086436295,518.432987977751,40925.2679320321,0.031715975728051,27.0277965463084,25.4309689307289,6.506202215648,3.16E-07,722329.942539973,0.140074882257221,415731.191296612,1.82202510054787,2.13359853303013,3.56205982785635,6.69283118946091,34404.8533314768,2.49223103475479,236.925323769994,1.70278357563523,31409.3869512406,7.38276383932459,3.07993404462443,0.877407800810092,120.019756860109
0,21469.0559483726,0.301216102967495,23.137284195926,38.6751798774529,407.993284650303,86898.2883441918,28.9560687220956,66.1274672134261,0.189311780701544,0.526435353515579,2.25E-07,753175.02990342,0.000596992037829,656696.790097949,3.51726785002947,5.65017363740964,2.92075568966514,22.268088385273,38501.9088733609,2.35780506983022,15.6727990337185,1.54587221874865,76082.4959497105,10.8953434035693,3.14109843092643,0.936758076439457,99.9518918385008
0,502.706487559683,0.073305619468602,14.1519365015303,260.745317180662,54.6088812793285,78366.8766278768,0.002301179061353,30.5885971576157,6.25846003858717,0.89884089579066,1.35E-08,507714.236292308,0.007350931774015,857239.985198248,0.332460684033872,0.177693973430209,0.218386426492471,2.67599423347958,38794.40895648,1.75841509615771,0.968892199137708,1.71956089256901,89897.5469175845,5.77095678556792,0.2831032103907,0.9159557983178,115.836688099503
0,148.375575495221,0.206921949399071,2.31805500058057,70.1933412897266,340.588523373828,45776.7724999906,0.000681746952374,138.374275669933,256.823261428154,26.6013121954766,1.62E-08,669304.45816568,0.001502928868841,616239.904244625,0.167766078948584,2.00840238891832,8.92138362728529,12.1008666457548,63271.0658122744,1.5108053587208,0.385758929387716,1.69447272573471,58420.0440395902,2.24178137566999,0.192740609280577,0.899046825204306,114.355135641823
0,2918.41376303103,0.02813313215681,6.41575604762371,0.044220851239269,0.012869749073224,47884.1809950724,1.94924283804109,21.1370000327223,0.079419841681442,3.12072806150511,2.76E-08,922729.662841985,0.000120807113554,576354.843657855,0.283820590079038,1.08437263033473,0.108256556625862,31.1036111827212,159696.777154559,0.270187724407797,7806.5841666377,1.62804655139512,28785.9663363137,2.60145708770532,0.446127480893284,0.927899077947939,99.8945528708819
0,5301.91943391423,0.071185002066019,13.9276663112118,1988.79895362206,3.13228395491243,106041.996174312,1.33085946167291,183.596557175164,0.016102509777917,2.65693863062825,1.15E-07,751815.952055141,5.61E-06,732068.149249897,2.10114223700769,0.244679888455294,72.7430804838696,2.43172950266707,25091.1409217235,0.789650752217886,107.863318313602,1.77691061482222,54986.242799046,3.14942333187223,0.472933956459695,0.911211021899199,91.8353853188569
0,5111.76027273383,0.987449936641432,46.3908168838132,751.116446828961,188.268330376783,34818.0540896819,1.8403328644197,22.0903717324087,0.01934102753096,53.7398087550925,4.62E-07,92507.8069624581,0.000149907899754,254182.678785743,1.43595236468256,5.73510610433825,6.63012789206036,2.84523014709654,107019.356225117,15.6539392392191,173.991540113341,1.74075063460934,14796.2770279491,0.337897509985796,53.9993971429169,0.779546182621496,108.027520451635
0,78.8085114166573,0.368671390746518,0.107296454744674,14.154223118551,165.238230684354,60868.5619910522,0.078178574185092,8.5832064657076,39.3310217367406,3.75182459614704,9.74E-08,547986.290534544,0.110851930937821,655281.781057749,0.089530850536371,2.62057341077097,1.2746195443857,1.34934716303049,47999.2477159295,5.49511383071523,22.8601128678334,1.69707568730255,42248.8830668866,5.11050760291004,0.657149675136795,0.903639542117822,116.899980095148
0,5213.84977588799,0.003088250736479,1.78159653417607,1362.55381965299,348.05305441352,55932.6799551446,58.2491418760118,9.09729121035644,0.114615097294445,10.9506585573398,4.72E-07,447248.460882992,0.002218248932129,147620.266705616,0.842028007373568,0.771804894646386,86.4491228638841,8.48161713387907,383720.35066838,3.03375875995832,78.4890548142007,1.58308509387844,47167.5948262448,4.97942782786869,3.29308045561033,0.906768573876733,109.949877348613
0,1960.82550107219,0.014533550949972,3.72992669946498,102.124074929334,20.9314594168773,5674.14722662651,7.19077271736478,63.9001644653128,0.675932585897213,3.08137696848733,1.03E-07,798451.598754166,3.39E-05,790173.758816044,0.191624091403806,0.501111030942311,4.70968059617064,2.86794931695548,38538.0834910131,6.40990793694755,370.382062754664,1.85196285202638,35603.3610346616,3.14600410238245,16.569453352628,0.820191598698212,96.2931064816271
0,8853.84512102849,0.070225432223615,23.1423259773045,174.4126532804,344.414735985449,170501.674323773,33.148561813283,63.9785368221619,0.082438373275317,3.48309192187265,1.57E-07,948060.435198413,1.25E-06,966610.314949951,0.112639860067554,0.025927098447279,0.29898476921567,0.15551177001623,31696.6343729561,0.848580239555506,13.6005159087416,1.71437901561252,102658.493470879,2.62699120953951,0.181173152887861,0.928528328510859,90.7820268607554
0,1974.91348157517,0.001116515340671,2.68237322257826,0.048085371967236,0.035874094897185,44502.4620983643,6.53735024635288,91.9367773236904,0.105590065307761,4.19209857035369,5.11E-07,599590.837871956,1.64E-05,648910.385406088,0.228637006506344,1.57043387445789,7.52759274009423,2.47261110586404,227128.980829166,8.76289295922273,1.74985734673322,1.73099703302183,147260.652478701,7.09033684541413,0.368988162257304,0.900515835320547,90.7993179801092
0,1392.36146930851,0.080693456708401,31.7766464530312,96.8189591674242,0.036642432854585,282151.012504299,0.053251987803434,83.6903443150002,79.1209330841683,1.03553604735213,2.55E-07,459914.246599209,0.090292205839291,924451.944251637,1.84587007059016,0.549422099558487,1.46446815520953,4.4173041371651,125480.298198702,6.04038551094979,233.09670740822,1.71745925341812,47868.2203814171,4.04983424913331,0.527600118034933,0.879045845689301,116.188408267027
0,30186.6748322609,0.005781183522795,90.3889169733024,302.277363837866,52.4218183685117,3445.24243300688,0.284287762434904,17.2785627780979,0.010558288550566,0.133008002595545,2.33E-07,493745.730282543,1.07E-05,712953.77679756,15.4523421115782,0.287360069767383,16.7634801999646,37.5341399037558,48738.180574241,3.04927451687817,332.280168806202,1.64789482392839,279861.600634874,23.0573419150856,0.676482349982358,0.94855523571845,91.1372751404253
0,973.486854881365,0.123117186938948,5.46621484958537,64.3526443105041,0.005677058126162,407855.043815685,0.136541220850866,20.8143993096345,135.05555510437,11.9644072626375,5.90E-08,459882.261218543,0.027058984461964,745758.832669717,0.010623162922142,1.95083448750187,0.160243408956268,5.70202274635026,50724.5929033082,4.49815869472259,6.832749581889,1.64233361240517,49840.0893816241,6.57028711831082,2.21643844040426,0.878422403636892,110.281937232844
0,13132.4176775406,0.161885611849269,25.9199793663079,0.13427636937576,11.7220998886642,12532.7816310512,33.8117381291831,4.09327137923646,0.077497748826797,1.54123551357344,1.42E-08,769491.712057268,1.04E-06,741944.033046942,3.12153186339966,0.301958151947503,0.529919532298117,3.87865599092569,90495.2944109553,3.82836689475685,1814.50292608828,1.70457783665342,104395.70796091,9.32941331045026,0.63277930190331,0.959477547816623,91.8976047770086
0,6253.36920926244,0.028877970279992,24.7720998180318,84.8096726702054,0.00081985006061,93041.6282732213,0.074608156062896,16.9613165723192,3.8167336135944,0.977154108902329,1.10E-07,894681.22874358,0.01315048986628,889880.065392904,0.443387656978528,0.689211162521141,0.05979679379285,13.7635563767834,34418.0298512659,3.2146373584092,618.114672845261,1.62823162155109,41643.8810869007,5.7863986160515,1.80757607132826,0.876369748800953,109.26322936529
0,390.011822154643,0.116104506717772,6.84574360188763,6.2707696677016,0.035473163751174,111249.178898084,0.208053007200321,11.4711855666686,4.95710346142213,3.47586065841964,5.44E-08,727972.86644955,0.066114664881905,784458.195463698,0.454207511200168,2.78734842728162,11.5247628430609,2.8254488248255,64444.7814654499,10.5465186706657,18.9124177440699,1.63044077629377,32000.1419703446,5.52844197508574,1.31345809624787,0.931691333996848,117.411974697993
0,6298.44459234846,0.014797009180998,17.7464905546139,7.64046134889877,16.1860277023005,9784.39529855009,1.82834389520759,18.2204544242531,0.025561491803437,1.64478149677621,1.22E-07,801377.987497676,3.55E-05,596915.325141165,0.331868734742487,1.18575435505463,13.4746518451783,0.331288285517868,51803.7048539691,4.51053486783125,42.5278934917007,1.74156631917181,60389.1585350193,2.50548917734299,0.36374872216433,0.907295331971917,91.8288172393839
0,241.873300084777,0.046051338100867,5.71568093687476,320.616147266048,56.2156199156478,37336.2246931497,0.131062435233703,14.5432286396304,4.22193108851262,12.7457848880142,8.97E-08,546201.762450115,0.019254522395203,541514.574533797,2.76596208132325,4.94243613225373,1.24589554682388,6.52044922088763,69929.818557487,4.62456407003528,405.292211582044,1.59028494400436,23709.2927785243,1.38812577412599,0.400314705323654,0.904584128763245,120.962777973759
0,2794.77104705051,0.06347181060062,2.87744408836364,0.510215550526889,1.31039668590688,19357.7728035202,11.0559249228082,55.8027179393618,0.201906223102376,2.45387631738812,5.59E-08,719362.159602823,3.53E-05,882484.284259395,2.85835436483763,2.18769772940156,3.85729199703726,0.679711879901886,51104.6077088757,1.47102360437076,7.35743447819989,1.77326559640016,46124.7913757335,1.78135595566879,0.565508551166574,0.828410519447217,95.0432210288704
0,10052.8817905503,0.120448332490591,18.0251929150454,0.147450887707315,0.044369304305348,35242.9705540019,2.47501731940204,23.3766337586667,0.044846370523721,0.742086081180336,1.59E-07,829586.894759683,5.38E-05,752186.448906591,0.403303683869871,0.989135214469949,0.64793663956587,1.31590460304079,16850.8461733903,0.392030551895455,59.3395793155207,1.66544710807067,36982.0332116584,4.05537148229199,3.3097492404938,0.894280929634902,96.4506465672349
0,885.546229123095,0.061116462130424,2.46430702265386,238.288780259226,0.001204379760318,85455.4617957078,0.039525314366738,0.665489183881637,1.09192748145602,0.233209128309294,2.08E-07,786262.528194871,0.165644321001731,814066.441280463,1.89661908807162,0.533535627656257,0.745491515582523,3.58871657121443,22296.3542419362,1.19135167267938,143.127745139648,1.55159120983083,53853.3461650598,6.5471704469016,1.33460958611565,0.880695224353435,109.771910052446
0,7961.02088815792,0.034009831688953,17.092947043887,5.98559874099667,0.448251029917552,18309.4332010091,2.02653094291583,218.079760951176,0.186608805289767,17.3489432088148,8.28E-08,550132.323150747,1.08E-06,955076.376823985,1.17475391601651,0.364522464317412,1.74023590980592,1.18613806735226,88538.9827951455,2.26968539897197,0.685383917079605,1.72908148444823,225777.756231516,12.7865287830714,0.459019702431981,0.923970427411774,90.2096724242814
0,9963.00230636819,0.178214722279863,8.4041112022874,2.59700996921017,0.996949477517981,13833.6246066374,1.00319177769185,127.091843862286,0.080953096519132,10.9620301289097,8.64E-08,516584.674316712,7.21E-05,911728.044787801,4.84140697746413,4.09802717263119,42.2644268507372,2.87989852461449,81448.3088659443,8.52225492363783,16.452645240297,1.55984384726594,51920.3246073202,8.76800241555424,54.6302251202904,0.87473529287962,98.414520014693
0,7301.32239778844,0.073199458929364,8.85292378476002,1063.93370475976,567.965495732306,155984.171129506,3.78293906117596,88.2933762647637,0.017539281358428,9.24181384146143,1.32E-08,469484.119895625,2.38E-05,957558.617791335,0.233590122170175,13.0352907143703,3.08423968531975,0.34065531077654,58828.6612246682,1.05584132528174,302.82821323762,1.48010977360221,64091.3548285503,6.57011077037961,3.36036572642376,0.817230411863233,100.974962749496
0,11069.8936633063,0.127313185654638,21.3117492894241,396.374906432728,684.664944966076,6755.43067741319,3.07126130359,89.21401639454,0.321836175760034,9.67565729889884,2.80E-07,836552.901466567,1.29E-06,940251.455398491,0.13759316512084,0.884175732321846,10.0517947671934,2.36289269958878,31348.2327639246,1.07915208730281,56.1053333671058,1.72819764268189,154311.76172484,9.02528523265206,0.490779913926972,0.918792669934786,90.787750066782
0,16433.8611379188,0.10250947085283,19.7653722877707,66.6049092662655,99.2601352423071,10326.8217414431,21.0003067334587,63.9115315410489,1.176667892308,18.965334462843,1.04E-07,601979.386090697,4.69E-06,550859.245902265,1.38180793822625,3.87970080725413,2.19032832353431,4.02946305123278,84202.4875741253,2.55351672951042,3.1594915304519,1.65898111251144,26262.3510288025,1.80312424316854,10.1873590593817,0.861737780200742,96.1401638593231
0,8345.48368887288,0.077723189882868,15.1893955945965,7.62195519908241,1.74283031925763,6085.872781265,4.91263841713278,104.332917002757,0.802730452134421,9.19111336537273,3.75E-07,507256.395319403,4.74E-05,562172.554233901,0.068359328473279,0.52862268847115,10.06605818388,3.28194806513343,52684.91206752,1.67496924794333,660.604251412587,1.62436060847045,57512.4049733177,7.62617874474932,3.58733140235184,0.897103850508642,93.3534410176145
0,2041.66809966837,0.127182365959043,3.44737212721782,7.33004796809327,6.41909167601279,67285.3986303835,47.7757685278053,28.0671224295518,0.135145106188712,1.90982437489035,1.70E-07,882193.123962438,2.41E-06,273819.185719427,0.281918023061169,0.237265952401564,0.650866561282764,16.0423426841628,556248.284944266,56.2822736727061,1054.43772003026,1.6784497268753,353175.372297678,25.0314671251099,0.538614194821668,0.926595800312042,91.1979999086325
0,49610.2022733172,0.01379261480781,99.774915280384,0.025467746774032,42.3223499554905,8417.94687834336,23.2847431370759,22.5266912126615,0.470200835177664,19.8096978936933,9.39E-07,317538.102012239,1.14E-06,310552.647172585,0.339493916682339,0.024227319889141,15.7517882316963,0.223917330066201,469745.491075556,66.8318077231879,8040.39604415679,1.70019880153812,44868.7720605496,0.505456376951588,0.100687715899067,0.915888788189653,91.5894395913231
0,9045.2218906595,0.1974773281015,18.3363075519598,2.78442203844359,1954.87496056844,43117.1895007139,4.64581805767921,690.315019837355,0.66667450851176,0.084129796654464,3.27E-07,796681.335318871,1.28E-05,986483.63978487,0.155821842294297,0.92800817669107,0.273057118751035,3.37399800665259,45659.9794919094,3.95034964503837,582.788084486778,1.66447007772272,47520.1593222484,3.51249975339893,1.01464887842049,0.89003716488659,92.2967672116685
0,243.828681645195,0.0682931297134,5.19753968522768,170.74639067784,77.7132601369867,28800.0050082383,0.01312221763338,10.4587773665893,173.633733630987,6.88010378752291,1.66E-07,376595.403550342,0.047456029065692,323928.292403369,1.64270076069434,0.328956361244407,0.120414780228766,21.1198695233372,24231.5999242127,0.904685034873821,74.4221611593484,1.61630791596142,59390.7839124853,8.03670686322164,0.652970909220642,0.882038064934635,118.904932220992
0,37204.2193052558,0.629708845314516,58.668540667522,491.575454643055,0.006388340067237,324599.679573903,0.149507063217996,5.09453881275354,23.3848495531856,71.7300703864865,6.65E-08,145306.587807978,0.001413403277957,104377.806187041,21.5762750167292,0.524581902596351,3.23997049575543,5.25373962345734,120302.882831638,5.20438494140599,105.797526538432,1.60025191711997,55935.1478667157,0.952519575183903,0.113555713793597,0.852435309461787,110.644880977413
0,87.3061385458746,0.001680815142593,0.077703669179691,5.17075474848377,6887.01476965163,807818.01491722,0.926659020922721,19.7131791102293,0.146451833239822,0.633700031451009,4.73E-08,446993.763853857,0.014437067218375,866511.704407166,4.91362576204401,1.79007140365671,0.569783306764907,1.98978042644798,126422.781926761,0.96673996099792,0.135195035329886,1.83626951682585,45040.1286517968,2.07310670806214,0.207817668231524,0.884310106615846,114.033833769925
0,6027.3134269022,0.014568065641178,9.85643474252425,606.759908925832,1375.02334430077,21645.4824093022,16.2405165704388,27.1527200233567,0.126701675894852,1.31288352618214,1.27E-07,569453.206792088,7.32E-05,762762.279514332,0.199297016855915,0.883335958986339,0.225840263357962,11.5518347213698,21835.6977570186,0.42219975987518,63.087932368236,1.77830074880371,74910.6028047898,4.20912343393012,0.541097577511125,0.878900811160963,93.3612869471306
0,632.130755570338,0.861251500673647,2.17366765598104,0.109387461483051,0.024827003908216,96949.2915507404,3.86787146032735,0.217176851122416,604.971102564229,0.331517665314177,3.60E-08,501774.902088317,2.14E-05,451517.976547763,0.245336427465976,8.89495314840773,1.70216487608279,20.2333311165942,42036.0336315919,4.11681894957314,12.4454592062993,1.65855643815983,62724.6338776753,6.96911769081211,2.09819924943142,0.820486558849895,110.663788268832
0,3287.97522053109,0.015982960118677,5.56407397165946,1.86169412747044,1066.3232239924,27882.6362952139,6.68312543813894,113.43752215468,0.187195287866914,45.5930596185409,1.06E-07,289823.22664599,1.05E-05,234381.169192655,0.207841741926105,0.322958794675877,0.899060642860213,0.919286018714246,29400.6693702964,1.79279737453473,124.664548306099,1.66207246615307,71131.0399463782,12.0855144477617,19.1440211602504,0.891006011714364,93.7465461454426
0,8799.75434260486,0.014269914354213,11.4359507830844,6.59238526440949,112.610560731585,74226.287389729,9.64417347773314,11.1587268920632,0.01024407904343,4.76081079577116,8.54E-08,828233.618780165,0.000287327834907,783749.3778527,0.165831563028354,4.24808077416734,2.76046311152353,7.1222131158488,28825.4742308378,2.01211233071381,286.728174325312,1.6815674028792,36944.8886403662,2.1295992446704,1.80559281746044,0.85307601839053,97.983232661765
0,748465.623879559,0.473357710108666,10.8733374820835,1138.34315765782,0.003774153972943,366.294923554438,2.70122382074604,5.26588312479334,0.567674815752406,10.2752543094928,7.24E-07,551168.014288938,0.000112363116324,622228.348403448,4.57481757367832,0.329507124409305,6.93316352486576,19.3592920930297,34979.506366443,0.337267418121618,1740.4431197132,1.68886249099392,37743.0622024367,0.188925818299203,13.2574918306361,0.772327607470234,99.5094534723708
0,10185.768367572,0.055672211369655,20.8731458955768,811.829404264851,55.4088048326944,45978.1524483496,32.435841266114,100.530847944657,0.493029469204832,11.6191841395785,1.32E-07,864452.244460673,2.31E-06,193319.818305994,0.197217799184212,0.05118430727107,12.6479056761326,0.969424447641658,158123.298323212,19.4310595766251,5323.66737006776,1.69253224407874,120936.569621887,2.5774926109116,0.158391675137202,0.918151175362421,91.3373535004932
0,716.512765637773,0.160721187790848,12.9940912929412,10.8280231189359,21.5920115366881,38837.1011725312,1.18186038141843,37.9714667641507,0.113021735446817,36.4469273336264,2.47E-07,135560.948465781,0.000385234392796,661610.213882002,12.8360062807341,5.92433563210501,6.81416546927184,17.7587899265112,627762.933564563,81.2487752111577,89.9121070571329,1.66743883765925,376916.495117978,7.35419604784834,0.064549318142576,0.957699921248325,113.614750663122
0,461.45546874279,0.352419366604397,7.03623951825752,2.78E-05,0.121560278721484,975101.381205414,0.000148755709667,1.03738995077889,70.2133358595441,0.146835776082487,8.86E-07,59343.3264918589,0.113241634549362,93991.8406875843,0.021538539413252,0.459984239652379,5.86458176623445,0.133303349718918,245446.517128421,0.690215473076171,0.0559921780924,1.66437051821498,52647.9024061213,1.58637809373548,0.201279231386155,0.884832753398937,111.811706224829
0,4986.97515585649,0.068035045415597,7.25303181220395,110.628488562543,63.517594197367,34025.4028878555,8.47140128249437,9.32331915659426,0.015380065922966,5.01686471632379,8.19E-08,460908.939641851,2.03E-05,196267.04170687,1.72236885753605,0.5832236691488,1.31581716772921,90.3241427314538,268741.346364106,0.216614819646872,60.184797252646,1.67093137240318,55634.3541442176,5.19801848524804,1.54290416312976,0.891573684581412,94.902578205848
0,837.733818287848,0.086208936452587,4.95078798850558,567.266346556289,17.1577847877382,76030.4215146969,2.72497431274594,25.000443321256,0.018863569414903,0.527346384428644,2.02E-07,314736.494752643,0.000377656104458,820785.481750618,1.36868249009398,5.21121290975021,20.0221348732807,3.14080123454169,26590.4971210368,0.469002412026821,41.2626172587309,1.64072253017331,63604.6626380096,4.02035401097598,1.53297115409398,0.826443056549536,106.140694752592
0,5490.74156903393,0.124728265611842,10.649269947145,128.647315475627,501.218135343547,22214.9917652845,1.79308811052816,41.6374119795502,0.019938787391961,0.184587068049815,5.18E-07,735488.407188137,0.000188556866065,862485.269721444,1.53413385576353,1.95671189157424,7.70285535215093,1.39396500941498,79401.1367552552,5.38801607882092,304.361694791753,1.6525543304092,25769.1653824636,2.2668586643899,5.36596946105166,0.893476199364534,94.9441546618549
0,2123.85729735353,0.051264946333614,6.61719363112104,2565.46749819772,2.15935981599425,377096.537973494,7.62591144655101,347.375354266195,0.075318931285443,0.389702869821929,4.43E-07,360244.484653937,0.000124675718819,144757.897916298,1.1117633348575,1.58815203316226,2.21054462239808,1.161550322923,355369.677966524,1.51701655248157,9.46676976120017,1.50024375973179,40344.0243314498,3.23534145071134,12.38063824267,0.864846267693585,102.202709692033
0,2256.93083129993,0.083324948192667,4.15243217081832,597.504447950456,181.49923414053,5455.23018208831,3.51788401898935,26.4534001078158,0.119479924069005,10.5718982325997,2.64E-07,824561.190640489,0.000210286869019,974961.892762053,0.016662405624149,0.470839102494224,0.71434558573833,0.355455424082532,155168.856753695,18.635069613611,99.6349934500123,1.66993121334629,61330.4105723761,6.72721649877828,1.0423227728596,0.923402034828714,93.7947677674765
0,5609.60401265158,0.124476604927385,7.35369010768035,576.960182103682,37.8193702551353,50158.1832805883,1.36096857301314,71.9838750890384,0.015203512036842,26.0070462977094,3.10E-08,721575.550731581,0.000256508542459,632964.573139236,0.478128331103061,8.3616160265099,24.7485658647569,10.9240685421386,93424.1466968922,2.14925470350009,636.961716389622,1.66973681560043,58981.7720113029,2.03553894912629,0.331331177075102,0.82157718134141,106.054190321378
0,10429.381110478,0.335868018380151,18.8289034408944,2.03517521176819,34.3552117598102,10240.2289162287,6.13536021372045,103.086229223699,0.475311658218195,9.75677421969554,5.04E-07,153115.848855201,1.21E-06,441600.574450534,0.080781205748062,0.049571583866487,0.179341903545474,8.47428300777591,142715.924818,18.0154411494611,8257.90493883268,1.69877949341294,188813.581410571,7.01252409244483,0.276340363534704,0.926709642698945,90.8346483001807
0,3402.16560290274,0.080919608717065,2.11466084909598,1410.02893842346,134.439993902581,629332.368758018,7.87851003263503,63.8388836599733,0.02776301418313,7.96447646261984,9.84E-08,600013.047358382,0.006256161657637,743138.799171773,0.017770426004007,0.945215573840006,0.308702128528628,19.5299014632895,78940.6775351736,7.51198387224355,51.0468303166196,1.64124848898221,93337.4214397432,10.2489348272462,7.25528484516824,0.829894352288293,118.573174691334
0,61547.2909221601,0.041860664864716,73.8061756690239,3249.08772427138,1148.87512464833,7437.29576104341,3.15415706002963,121.019438995517,0.451302668616974,2.52713704573734,7.40E-07,152221.937807371,7.52E-05,77062.134966427,0.25999813617628,0.805936411064179,20.3702009147474,40.2464395857633,128694.250958646,14.1059782581091,16.738930435042,1.67303673374812,43874.0551280001,1.5686576362845,0.59971644749734,0.865897588564117,95.114315348559
0,941.845963013611,0.071315260242308,3.90622804842572,0.923277412606741,0.002654617534348,323238.238723379,0.573755578300527,66.8781412347572,0.447875098105989,3.06841790796741,3.88E-07,717622.500737557,0.010173120809941,823260.396190164,0.213033955968742,4.17489413404232,26.4325422325607,0.277987905125466,88858.5142221028,6.07659625853791,248.840332287257,1.71389794660267,25398.344402753,3.39672495059802,2.19341157840083,0.913020701364492,112.019541293329
0,1025.59649265502,0.113948758067206,32.2047925648952,1061.96842680948,142.730103898833,132926.309706811,0.261243300121835,13.4786082858927,0.737297691287787,15.1899165848888,8.46E-07,554490.577533662,0.176372679015465,757951.121741148,5.93086745720213,3.12709702664772,8.84373423887677,8.8313582042713,37128.7056334765,1.16363003809532,62.5011926101333,1.5716800958699,89182.6746237334,5.90327687824333,0.25095673286463,0.961640320308743,118.872656273295
0,512.126577026972,0.068491467871814,14.2503784743773,201.265998587894,136.947548819612,70623.5487760068,0.000431817958618,49.0092681703148,407.726510650953,4.11590615655684,7.74E-08,208690.169681103,0.011075368956217,402317.84736032,1.37059260984446,0.09718659799154,12.9188704829462,3.90917328139136,393576.239709436,3.85692132214484,0.100153167914394,1.81147330929906,140009.343181049,10.7345339309784,0.376787908869912,0.901132887741123,115.099031271402
0,158.562176995674,0.193392352193517,3.18634283216144,285.213806912331,52.8464932821183,243189.421261884,7.42452564243695,1.02036007760757,28.9036441253652,10.6570202106494,2.34E-07,252442.98714769,0.042251457597941,425936.886992545,0.553798252711345,6.41858854377817,1.13859234748635,1.57705916206604,23664.0745220481,4.94583037089659,773.671420432767,1.84141358997138,37592.299288511,11.5682918883536,2.76809986662344,0.913292285508317,126.181809846111
0,6531.91153154456,0.041796294960604,10.4153967626161,0.415255870627574,0.917264126521534,41804.5839690411,14.0954065243726,25.4517821478914,0.050882726628892,6.14891495333639,3.81E-08,698296.568450948,2.15E-06,656099.510911426,1.74903702887382,1.01525070528974,0.275161966601379,20.1824882113253,70507.2449904427,1.25654756646679,2.32556066889666,1.53064128455677,66672.9229340855,2.29713021715154,0.283781301688878,0.931246867010931,93.2277403437202
